,min,max,Variance,IQR,Kurtosis,Skewness,SNR,Coefficient of Variation
NOx,17.977837673560735,703.8246607171793,17992.440759423047,1068.8549969669668,2.3260169362255203,1.3260066999379236,1.2695361811911712,78.76892481014028
PM 1,0.1511387322084335,5.698707405990675,1.7056173490064805,1068.8549969669668,-0.5671937738705854,0.5486454583010238,1.4561619257931093,68.67368129099673
CO2,2.8916283610802,163.08052044212317,1627.1553246553146,1068.8549969669668,-0.603344458351557,0.5334392839128095,1.4831939937171328,67.42206375133925
PM 2,0.7220990913233775,16.283255006155805,9.36015740000914,1068.8549969669668,1.58747757539673,1.1839682109129273,1.7816136282868638,56.12889260179068
Pressure cylinder,44.94630187431548,160.04737531670222,809.4194742983965,1068.8549969669668,-0.3409887493946906,0.7861288870232913,2.9104503012471294,34.35894437268004
