time,Engine speed,Engine load,Railpressure,Air supply,Crank angle,Intake pressure,Back pressure,Intake temperature,NOx,PM 1,CO2,PM 2,Pressure cylinder,costs
2024-06-07 19:28:27,700,7.33,500.9,78.3753,1.91,967.5,1027.2,65.5,15.851380240572826,0.13141209808324952,2.9288776008636166,2.2285245004540064,43.95540914698391,1
